{
  "light": {
      "navBgColor": "#BF0000",
      "navTxtStyle": "black",
      "bgColor": "#ffffff",
      "bgTxtStyle": "light",
      "bgColorTop": "#eeeeee",
      "bgColorBottom": "#efefef",
      "tabFontColor": "#000000",
      "tabSelectedColor": "#3cc51f",
      "tabBgColor": "#ffffff",
      "tabBorderStyle": "black"
  },
  "dark": {
      "navBgColor": "#191919",
      "navTxtStyle": "white",
      "bgColor": "#1f1f1f",
      "bgTxtStyle": "dark",
      "bgColorTop": "#191919",
      "bgColorBottom": "#1f1f1f",
      "tabFontColor": "#ffffff",
      "tabSelectedColor": "#51a937",
      "tabBgColor": "#191919",
      "tabBorderStyle": "white"
  }
}
